First Name,Last Name,White,Black,Asian,Other,Highest Prob. Score
e,o,0.00027402135310694575,6.750809006916825e-06,0.9979474886204116,0.0017716752627165988,Asian
