First Name,Last Name,White,Black,Asian,Other,Highest Prob. Score
e,o,7.5548414315562695e-06,0.9979523420333862,0.001845807273639366,0.00019427100119173701,Black
