First Name,Last Name,White,Black,Asian,Other,Highest Prob. Score
Ethan,Outangoun,7.5562074925983325e-06,0.9979528188705444,0.0018452358708600514,0.00019426193125582358,Black
