First Name,Last Name,White,Black,Asian,Other,Highest Prob. Score
Ethan,O,7.551506769232219e-06,0.997954249382019,0.0018439954583300278,0.00019418122474235133,Black
