First Name,Last Name,White,Black,Asian,Other,Highest Prob. Score
e,o,7.5529792411543895e-06,0.9979547262191772,0.0018435997772030532,0.00019413175255067472,Black
